TV,Radio,Newspaper,Sales,Audience Age,Audience Gender,Audience Location,Advertising Platform
634,263,117,3387.0067233695145,23,Male,Phoenix,Newspaper
621,474,154,3950.950344553253,58,Male,Chicago,Radio
700,453,22,3818.6717160930834,56,Female,New York,Newspaper
158,72,198,1947.6927883423505,45,Male,New York,TV
908,327,80,4001.3623456767978,19,Female,Los Angeles,TV
956,109,199,3448.5424804342206,28,Female,Houston,Radio
475,107,55,2321.660532435861,58,Female,Chicago,Newspaper
165,320,114,2504.856421860768,60,Male,Chicago,Radio
639,272,196,3051.9225798904877,61,Female,New York,Radio
209,246,65,2244.5462357847123,51,Male,New York,Newspaper
199,475,149,3120.1871674285226,39,Male,Houston,TV
747,283,23,3418.960306947116,61,Male,Houston,TV
362,193,195,2709.9171342877917,18,Female,Phoenix,Newspaper
373,299,110,2843.2610772675002,18,Female,Los Angeles,Newspaper
885,229,101,3496.384306453459,18,Male,Chicago,Newspaper
505,486,187,3777.1704502144576,35,Female,Los Angeles,Radio
198,243,187,2471.465740033166,51,Male,New York,Newspaper
530,67,25,2301.9464712955532,56,Male,Houston,TV
305,65,71,1950.956523201673,46,Female,Chicago,Radio
378,323,146,2970.2847112641184,32,Male,Houston,TV
915,447,140,4215.799554686163,52,Male,Los Angeles,TV
170,236,106,2275.5536914017703,23,Female,Phoenix,Radio
291,294,89,2693.099551077187,62,Male,New York,Newspaper
770,368,111,3716.793192058295,59,Female,Phoenix,Newspaper
188,448,73,2858.586481846729,57,Female,Houston,Newspaper
314,162,21,2136.3739808560686,56,Male,New York,Radio
360,426,36,3120.0295830538917,57,Male,New York,Radio
671,206,93,3033.6581058583,62,Male,Chicago,Newspaper
574,71,130,2581.542917115983,63,Female,Phoenix,Radio
978,246,127,3907.343686876358,35,Female,Phoenix,TV
660,260,63,3150.456312761021,53,Female,Los Angeles,TV
289,373,69,2677.874049801525,49,Female,Phoenix,Radio
638,101,184,2846.9960225396994,45,Male,New York,Radio
965,109,43,3204.133757482471,58,Male,Chicago,Radio
338,314,168,2907.9529710485717,21,Female,Los Angeles,TV
371,347,35,2883.275507396227,54,Male,Houston,Radio
812,267,69,3561.9278107201644,34,Female,Chicago,Radio
822,448,180,4422.083861082375,24,Male,Chicago,TV
809,488,36,3964.7993950797613,19,Male,Chicago,Newspaper
518,213,74,2895.5479569581644,46,Male,Houston,Radio
134,366,167,2571.2522820269296,63,Female,New York,TV
783,280,41,3581.5409109554535,37,Female,New York,TV
514,497,88,3711.289224669723,24,Female,New York,Radio
405,463,71,3195.1960908219557,63,Female,New York,TV
277,479,23,3135.8093038285324,38,Male,Chicago,Newspaper
915,130,112,3153.0352593281045,62,Male,Phoenix,Newspaper
162,132,86,1690.1644679216422,39,Male,Phoenix,TV
926,469,179,4488.525291099497,52,Male,Houston,Radio
432,278,112,2779.0790719476017,51,Male,New York,TV
231,114,175,2143.8702845333805,24,Male,Chicago,Radio
898,214,123,3680.0142378156193,26,Female,Los Angeles,TV
220,305,26,2298.897607391767,64,Male,Los Angeles,Radio
986,401,110,4275.85638071043,64,Female,Houston,Radio
779,98,93,2806.2889473668215,44,Female,Chicago,Newspaper
839,71,52,2778.980500924501,53,Female,Chicago,TV
699,88,103,2619.3040717724175,45,Male,Houston,TV
125,221,47,1953.9294829934647,34,Male,Chicago,Newspaper
211,336,141,2601.9181489258403,27,Male,Chicago,Newspaper
252,339,57,2571.069773384792,54,Male,Phoenix,TV
616,207,46,2780.216860827919,19,Female,Houston,Radio
794,70,72,2914.308699413274,61,Male,New York,TV
223,441,132,2999.497175961203,35,Male,Los Angeles,TV
594,387,126,3529.3764148534465,25,Female,Phoenix,TV
636,394,49,3614.295685829576,54,Male,Los Angeles,Newspaper
437,262,164,2862.1345256493014,28,Male,Chicago,TV
633,246,173,3332.2153906098624,62,Male,Los Angeles,TV
639,442,197,3823.2891372905474,31,Male,New York,Newspaper
148,106,43,1824.9298550848528,39,Female,Chicago,TV
641,384,177,3624.171365111935,19,Male,Phoenix,TV
504,193,175,2836.2305524466374,56,Female,Phoenix,Newspaper
589,412,130,3501.7356997560787,49,Male,Houston,Radio
780,312,122,3654.2695647870646,64,Male,Phoenix,TV
787,205,47,3240.7462276001097,29,Male,Chicago,Newspaper
195,105,166,1955.5707564459506,37,Female,Los Angeles,TV
911,76,166,3354.2708605417374,20,Male,Phoenix,Newspaper
352,250,102,2548.852835664976,31,Male,Los Angeles,Newspaper
636,344,132,3565.487633980265,47,Male,Houston,Radio
248,222,38,2350.238472156922,36,Female,Phoenix,TV
259,333,140,2845.4131341315474,47,Female,Chicago,Radio
393,227,20,2389.7685260317294,47,Female,Los Angeles,Newspaper
227,428,178,3120.860803422226,19,Female,Chicago,TV
368,227,41,2338.8124232986306,43,Male,Houston,TV
707,266,88,3498.7900874678253,40,Female,Phoenix,TV
603,182,122,3029.2473310857326,39,Male,Houston,Radio
405,207,171,2506.943423433303,34,Female,Houston,TV
964,319,195,4114.29464489577,37,Female,New York,TV
317,423,46,2834.9602757797848,26,Male,Los Angeles,Newspaper
214,459,45,2825.5182471171306,60,Male,Chicago,Newspaper
289,436,102,3203.3076003626475,59,Female,Chicago,Radio
271,286,76,2656.314338008272,39,Male,Los Angeles,TV
928,418,155,4239.5279526599525,63,Female,New York,Radio
437,389,53,3286.027452704695,59,Male,Los Angeles,Radio
572,251,23,3081.201664919674,29,Female,New York,Newspaper
203,83,28,1706.1587001163273,18,Female,Phoenix,TV
149,187,55,2096.074066271023,55,Female,Chicago,Newspaper
217,101,148,1918.7582196625258,45,Male,Chicago,TV
673,260,39,3061.7555808812585,58,Male,Los Angeles,Radio
671,119,120,3007.192256566438,23,Female,New York,Newspaper
972,469,90,4320.087679250138,18,Male,Phoenix,TV
699,409,190,4060.2177671417494,49,Male,Los Angeles,Newspaper
215,166,70,2137.3453840286934,46,Female,New York,TV
873,379,27,3976.85199778636,64,Female,Houston,Radio
306,453,35,2917.0185448733487,58,Male,Phoenix,TV
803,75,172,3184.327309584422,31,Female,New York,Newspaper
141,365,113,2467.9095270141265,43,Female,New York,TV
114,349,46,2228.9104498955985,28,Female,New York,Radio
839,266,67,3618.7638622717377,44,Female,Houston,Radio
584,439,66,3567.7861435157424,34,Male,Chicago,Newspaper
750,343,79,3656.7072792018316,60,Female,Chicago,TV
446,67,114,2420.542341466724,58,Male,Chicago,Radio
115,176,151,2110.8699387821944,45,Female,Los Angeles,Newspaper
453,318,38,2977.6968861668643,53,Female,Houston,Newspaper
750,158,162,3058.5668902646416,37,Male,Chicago,Radio
643,408,82,3697.962208094243,37,Female,Chicago,TV
958,115,21,3458.816564840129,48,Female,Chicago,Newspaper
176,460,107,2999.3191268937394,42,Male,Chicago,TV
539,224,59,3006.826159010349,46,Female,New York,Newspaper
103,265,67,2099.4381012575473,47,Female,Houston,TV
321,439,63,3152.3628568074473,56,Male,Phoenix,Radio
742,471,135,4013.321880116646,22,Male,New York,TV
785,220,26,3129.273837250417,39,Female,Houston,Radio
804,111,97,3170.0210463711787,26,Male,Houston,Radio
377,138,136,2385.219827650138,42,Male,Chicago,Newspaper
353,415,52,2987.735774769132,56,Female,Phoenix,TV
836,222,27,3327.945045548054,60,Male,Los Angeles,TV
849,400,170,4200.5207803115045,36,Female,Houston,Newspaper
299,254,156,2710.52311135059,55,Male,Los Angeles,Newspaper
343,108,123,2234.701806112895,53,Male,New York,Radio
873,271,68,3627.0847972600004,32,Male,Houston,TV
670,266,125,3240.6971524153646,63,Male,Los Angeles,Newspaper
707,134,62,2826.3170494677115,56,Female,Houston,TV
916,290,24,3806.155122428369,34,Male,Phoenix,Radio
911,321,140,4175.7237995810765,26,Female,New York,TV
194,293,116,2442.718299213709,45,Female,Chicago,Radio
995,164,178,3714.887908048476,59,Male,Los Angeles,TV
100,288,76,2197.110135936548,64,Female,Phoenix,Radio
955,250,169,3985.9650878905795,47,Female,Chicago,TV
289,63,153,1760.5987111649613,30,Female,Chicago,Radio
363,282,49,2592.226829348758,31,Male,Los Angeles,Radio
807,179,30,3037.6610645516753,40,Male,Chicago,TV
595,410,191,3592.6132027349213,25,Female,Los Angeles,Newspaper
758,367,36,3690.986494925885,34,Female,Chicago,Newspaper
875,72,134,3109.7553668465503,54,Female,Los Angeles,Newspaper
412,487,29,3525.2380725996336,32,Female,Phoenix,TV
529,438,153,3414.1203099606437,37,Female,Los Angeles,Newspaper
470,229,180,2812.6972305523886,64,Male,Los Angeles,Newspaper
381,470,68,3127.1622085896615,31,Female,Los Angeles,Radio
296,50,154,2028.854178865624,52,Male,Houston,Radio
867,177,51,3203.6678163815727,34,Male,Los Angeles,Newspaper
233,226,166,2351.41464250909,32,Male,Chicago,Newspaper
471,59,133,2468.448691534423,50,Male,New York,Newspaper
909,156,179,3525.697017153177,32,Male,Chicago,TV
919,346,128,4087.8126404412756,19,Female,Phoenix,Newspaper
953,162,179,3595.678326451175,33,Female,Houston,Newspaper
357,265,64,2613.213656307513,40,Female,Chicago,Radio
214,472,191,3158.4840550565136,36,Female,Houston,TV
779,433,143,3949.201079389823,61,Female,New York,Newspaper
823,344,117,3918.499146433374,46,Female,Chicago,Newspaper
133,432,29,2549.530345409834,42,Male,Los Angeles,TV
444,208,51,2571.101535722414,46,Female,Houston,Newspaper
410,119,166,2369.5504210621934,64,Male,Los Angeles,Radio
351,339,49,2711.497049103707,62,Male,New York,Newspaper
592,466,93,3803.9310502723806,58,Male,Chicago,TV
172,175,167,2017.7930196166726,21,Female,Chicago,Newspaper
367,265,53,2541.447065251128,62,Female,Chicago,TV
703,481,84,3966.1092808254853,59,Female,Los Angeles,TV
654,419,132,3739.344030210112,59,Female,Los Angeles,TV
973,85,111,3281.3954857126314,18,Male,Chicago,Radio
710,321,30,3454.4739240361546,39,Female,Los Angeles,TV
432,156,65,2451.1598560147895,60,Male,Los Angeles,Newspaper
693,269,87,3266.9770725449853,41,Male,Chicago,TV
510,425,144,3541.8164414514736,45,Male,Chicago,Newspaper
289,382,62,2801.9260256246453,62,Male,Chicago,Radio
719,94,93,3075.08601023001,43,Female,Los Angeles,Newspaper
783,495,164,4271.875050585908,56,Female,Chicago,Newspaper
306,285,87,2685.4813622979527,23,Male,Los Angeles,Newspaper
847,119,175,3235.2793337678795,25,Male,Chicago,TV
132,477,134,2889.354683279013,35,Female,Los Angeles,Newspaper
220,278,140,2636.2896388826966,48,Female,New York,Newspaper
648,420,132,3591.342390769671,24,Male,Houston,TV
647,51,98,2541.849944317474,24,Male,Phoenix,Newspaper
812,402,55,4015.6478996594647,25,Female,New York,TV
228,168,61,2020.2064795613262,35,Female,Houston,Radio
519,392,116,3287.060836647638,31,Male,Chicago,Radio
709,372,36,3539.6321031434727,33,Female,New York,Newspaper
970,203,52,3536.4431742635757,30,Male,Chicago,TV
425,83,182,2253.238785413726,21,Female,Houston,TV
636,259,141,3109.5937507221197,19,Male,Los Angeles,Radio
864,370,155,3998.134044571444,49,Female,Chicago,Newspaper
816,496,147,4298.688886210523,39,Male,Phoenix,Radio
630,314,178,3486.3343703388455,46,Male,Phoenix,Newspaper
478,181,106,2555.0179319937224,61,Female,Phoenix,TV
831,283,110,3737.5051461582916,60,Female,Phoenix,Newspaper
965,407,196,4367.013078148137,18,Female,Chicago,TV
195,53,184,1900.52047427271,52,Female,New York,Radio
289,482,74,3237.776366331153,46,Female,Los Angeles,TV
572,152,158,2983.508683604004,43,Male,Chicago,Radio
491,420,72,3240.2618099379747,18,Male,Phoenix,Newspaper
593,173,165,2974.5920240452433,45,Male,Houston,Newspaper
101,399,176,2528.4609726100252,58,Male,Chicago,TV
799,351,183,3966.2551255407734,50,Male,Houston,Newspaper
479,109,63,2425.5987922714835,61,Male,New York,Newspaper
224,293,86,2400.800467027614,25,Male,Phoenix,Radio
240,364,63,2699.1252822511588,31,Male,Phoenix,Radio
731,255,27,3296.115665613184,53,Female,Phoenix,Radio
211,159,90,2004.2922759977291,42,Female,Chicago,TV
113,479,149,2863.257773287112,36,Male,New York,TV
780,235,134,3617.310080581851,62,Female,Los Angeles,Radio
918,249,189,3804.8053745727543,51,Female,Chicago,TV
436,327,103,3015.573960685739,36,Male,New York,TV
179,213,170,2269.6153609792536,60,Male,Houston,Newspaper
157,383,158,2623.07392225894,27,Female,New York,Radio
979,107,139,3310.997088881707,35,Male,Chicago,TV
998,334,75,4071.663903497564,60,Male,Houston,Newspaper
507,381,52,3275.395674094941,52,Male,Phoenix,Radio
437,370,21,2909.8101142506566,34,Male,Phoenix,Newspaper
628,284,91,3010.709625232794,43,Male,Chicago,Radio
920,241,179,4102.395068894433,51,Female,New York,Radio
119,126,91,1883.470165180107,31,Female,Chicago,Radio
692,180,191,3120.624876769073,61,Female,Phoenix,TV
394,488,195,3367.806388843674,60,Male,Los Angeles,Radio
896,113,57,3077.7302614149744,26,Male,Houston,TV
860,351,43,3618.482243883091,55,Female,Phoenix,TV
858,329,183,3878.649272971949,36,Female,Houston,Radio
770,322,96,3761.1612122515508,25,Male,Los Angeles,Newspaper
306,293,49,2517.5275770612116,28,Female,Los Angeles,TV
402,285,90,2848.82986294076,45,Male,Phoenix,Newspaper
563,475,110,3780.3983518422083,39,Male,Houston,TV
298,250,44,2388.2094879310966,48,Female,New York,TV
268,328,98,2547.408002382745,30,Female,Chicago,Radio
350,199,105,2476.0222366826524,33,Female,New York,TV
988,50,71,3121.9661739880603,30,Male,Phoenix,Radio
310,206,66,2339.1034034381587,49,Female,Houston,Newspaper
397,149,128,2388.952126653707,61,Male,New York,Radio
862,219,125,3386.4559671697616,30,Male,New York,TV
809,290,58,3590.052485453,40,Female,Los Angeles,TV
743,291,143,3662.7211140401114,19,Female,Chicago,TV
694,343,22,3445.4072246788455,23,Male,Los Angeles,Radio
988,346,195,4338.749888817971,24,Male,Chicago,TV
166,181,162,2165.6745584353616,40,Male,New York,Radio
335,314,79,2886.8821724184436,45,Female,Houston,Newspaper
943,495,44,4402.991016970087,40,Female,Chicago,Newspaper
757,491,40,3989.3362080923935,42,Male,Houston,TV
226,321,33,2465.7742588372334,18,Male,New York,TV
110,284,192,2416.2127861096333,59,Female,Houston,Newspaper
511,423,90,3507.5182749152764,33,Male,Houston,Radio
747,318,180,3783.05420956597,50,Male,Chicago,Newspaper
747,333,141,3864.2810182260464,31,Male,Chicago,TV
436,458,182,3584.511813283092,52,Female,Houston,Newspaper
134,109,124,1814.244872524312,63,Female,Phoenix,Newspaper
755,177,26,2935.5415602973503,34,Female,Los Angeles,Newspaper
585,79,24,2477.9126942075245,59,Female,Chicago,Newspaper
493,434,48,3440.748138583987,43,Female,Phoenix,TV
809,395,95,3982.6987790623007,42,Male,Houston,Newspaper
424,119,137,2363.158129029378,25,Male,Los Angeles,Radio
561,331,190,3457.590391374884,21,Male,Houston,TV
644,106,114,2771.150373516576,59,Female,New York,Radio
725,146,161,3191.276695229268,36,Male,Houston,Newspaper
879,485,120,4243.512679794053,24,Female,Phoenix,Radio
645,118,30,2635.5498178143357,45,Male,New York,TV
544,388,150,3546.4819687754634,37,Male,Phoenix,Radio
416,402,75,3030.1137759412195,42,Male,Los Angeles,TV
946,483,186,4576.243542976674,19,Female,Los Angeles,TV
866,180,135,3591.2371668387827,53,Male,Los Angeles,Radio
200,383,78,2577.529940020641,30,Female,Chicago,Newspaper
376,241,181,2749.098529443165,47,Male,Houston,Newspaper
818,279,171,3870.930136723566,55,Male,New York,TV
736,196,77,3058.324799801822,25,Female,Chicago,Radio
265,304,20,2385.855421774676,40,Male,Phoenix,Newspaper
727,456,76,3961.2787285970508,55,Female,Chicago,TV
293,487,119,3313.4690296403405,29,Female,Los Angeles,TV
363,211,118,2427.8469412753498,26,Female,Los Angeles,Newspaper
711,67,98,2769.5146976810947,23,Male,Houston,Newspaper
289,228,137,2430.9427898485787,22,Female,New York,Newspaper
739,390,150,3904.7339000058687,46,Male,Houston,Radio
299,492,172,3177.804124197713,23,Male,Phoenix,Radio
991,70,188,3510.7417426911074,54,Male,Phoenix,Newspaper
300,475,42,3119.7475688489544,62,Female,Chicago,Newspaper
488,178,102,2776.778910403408,46,Female,Phoenix,Radio
918,192,154,3682.0148452082394,48,Female,Los Angeles,Radio
638,267,162,3303.544753132708,21,Male,Phoenix,Radio
334,250,110,2672.3261995652288,21,Female,Chicago,TV
133,326,47,2228.9257378951647,42,Female,Chicago,Radio
779,498,162,4256.758154365592,20,Male,New York,TV
645,81,43,2699.089365967543,19,Female,Houston,TV
879,69,71,3075.2553180256027,43,Female,Chicago,TV
708,184,140,3413.0344831450316,36,Male,Chicago,Radio
233,63,139,1869.1855915024682,30,Male,Phoenix,Newspaper
765,215,151,3239.4273249187586,51,Female,Los Angeles,Newspaper
692,93,90,2864.480337348211,24,Male,Los Angeles,Newspaper
481,309,176,3100.5714323920556,59,Male,Houston,Radio
343,252,145,2766.66469999255,60,Male,Houston,Radio
101,224,20,1977.9986302045547,38,Male,Houston,Newspaper
784,329,180,3918.9484749584817,54,Male,Phoenix,Newspaper
554,78,79,2326.894250006937,42,Female,Phoenix,Radio
411,429,71,3240.3693424855987,26,Female,New York,Radio
791,256,71,3436.444227269506,21,Male,Los Angeles,Newspaper
380,86,28,2081.8007674916134,37,Male,New York,Radio
844,68,137,3037.7556932880816,28,Male,Houston,TV
259,439,140,3110.570535975886,36,Female,Chicago,TV
152,157,168,2112.0028309221775,21,Female,New York,TV
742,60,196,2988.302036082328,49,Male,Phoenix,Newspaper
964,449,30,4397.676188642036,42,Male,New York,TV
194,109,162,1980.4585145530136,35,Male,Chicago,Radio
899,115,170,3378.8228290330317,24,Male,Phoenix,Newspaper
341,456,36,3072.9015508969587,55,Male,Phoenix,Radio
490,204,86,2675.3131952794897,25,Female,Los Angeles,Radio
972,371,78,4154.235628542356,53,Female,Houston,TV
145,101,70,1662.910839325774,25,Female,Phoenix,Newspaper
581,495,94,3891.7815454829365,33,Female,Phoenix,Newspaper
595,351,63,3505.7854870372116,22,Male,New York,Newspaper
713,440,55,3984.85101931682,51,Male,Los Angeles,Radio
735,139,24,2897.874505909134,53,Female,Chicago,TV
982,402,49,4210.968064962776,29,Female,Houston,Radio
111,153,35,1585.3965389753225,33,Female,Chicago,TV
199,269,110,2230.9956675288104,57,Female,Los Angeles,Newspaper
631,456,166,3682.846628780852,20,Male,Los Angeles,TV
559,468,172,3865.9723114163417,58,Female,Los Angeles,Radio
613,438,104,3646.382985595273,59,Female,Houston,Newspaper
735,139,60,2972.251258906356,47,Female,New York,Newspaper
701,489,49,3934.8400599698043,55,Male,New York,Radio
378,440,72,3293.7770099926533,61,Male,Phoenix,Radio
651,471,185,3938.987269667532,62,Male,New York,Newspaper
511,207,191,2773.901724164319,51,Female,Los Angeles,Newspaper
691,289,159,3416.7698626227884,22,Male,Chicago,TV
738,93,38,2812.49500849863,35,Female,Houston,Newspaper
104,152,192,1927.239979087163,43,Male,Phoenix,TV
609,90,191,2836.7166406012884,20,Male,Phoenix,Newspaper
558,498,163,3844.1907178579595,52,Female,Los Angeles,TV
776,273,122,3696.6110174340047,48,Female,Chicago,Radio
454,60,158,2353.15607236789,41,Female,Chicago,Newspaper
231,140,127,1975.412160086267,19,Female,New York,Radio
822,447,147,4321.220396905205,62,Male,Los Angeles,TV
900,296,35,3696.1349146819507,44,Female,Los Angeles,Newspaper
515,81,198,2523.467066943368,21,Male,Los Angeles,Newspaper
942,403,189,4404.842679566656,54,Male,New York,TV
449,122,81,2339.9827282170127,35,Female,Los Angeles,Radio
469,225,79,2670.274381551525,62,Female,New York,Newspaper
173,366,177,2607.7064602166056,31,Male,New York,Newspaper
518,160,22,2513.3572393444033,51,Male,Phoenix,Newspaper
107,113,174,1915.1639525432377,37,Female,Houston,TV
226,231,171,2526.6701736128603,27,Male,Los Angeles,TV
641,220,117,2971.186745227892,25,Male,Houston,Newspaper
212,99,55,1887.02540256202,53,Male,Chicago,Newspaper
149,300,31,2220.699219939144,18,Female,Los Angeles,TV
242,85,172,1962.0110487089783,37,Male,Phoenix,Newspaper
410,132,123,2435.552796530149,20,Male,Phoenix,Newspaper
856,454,150,4356.144047138573,27,Male,Los Angeles,Newspaper
260,468,108,3161.4570293517645,43,Female,Chicago,Newspaper
311,343,168,2763.497416130439,30,Female,Houston,TV
917,216,178,3807.55241472271,34,Male,Houston,Newspaper
316,441,193,3363.3078158430553,26,Male,Houston,TV
432,60,43,2059.064463970383,56,Male,Houston,TV
783,294,121,3591.1232956045615,25,Female,Houston,Radio
813,117,56,3135.657321541212,42,Female,Chicago,Radio
171,391,194,2617.2217651762235,64,Male,New York,TV
222,127,171,1987.394050741043,39,Male,Phoenix,TV
479,374,140,3273.9180243737355,51,Male,New York,Radio
259,51,111,1657.0172202984766,40,Female,New York,TV
560,247,28,3180.439612487355,32,Female,Chicago,TV
244,339,76,2626.7585912399227,58,Female,Houston,Newspaper
832,70,57,2994.892971587244,54,Female,Houston,Newspaper
129,63,59,1535.4691828712976,59,Female,Los Angeles,Newspaper
952,154,159,3780.064368195637,41,Female,Phoenix,Newspaper
929,339,27,3965.563036515195,62,Male,New York,Radio
490,494,161,3779.459511759823,59,Male,Phoenix,Newspaper
941,307,61,3957.271399800655,48,Male,Phoenix,Newspaper
942,128,40,3384.020849534793,33,Female,New York,Newspaper
677,220,165,3231.332037747229,23,Female,Houston,Radio
116,101,120,1546.226281123571,30,Male,Los Angeles,Newspaper
109,81,197,1605.1958037518611,31,Male,New York,TV
172,241,116,2238.160975021542,59,Male,Houston,TV
701,360,38,3537.732939179941,36,Male,Chicago,Radio
567,322,38,3062.1594740860405,43,Male,New York,Radio
503,56,32,2330.938038182881,52,Male,Chicago,TV
620,387,58,3494.0092972445423,27,Female,Los Angeles,Radio
433,468,175,3457.8722522977823,40,Male,New York,TV
603,303,89,3182.9895249750916,38,Male,New York,Newspaper
261,341,87,2734.5636628162615,54,Female,Chicago,Newspaper
566,276,65,3000.3732446353647,47,Male,Los Angeles,TV
596,223,106,2984.7055053904633,33,Female,New York,TV
788,353,101,3719.5064358678537,40,Male,Los Angeles,Radio
425,481,42,3360.6253569657956,35,Male,Los Angeles,TV
908,468,73,4213.540326488393,60,Female,Phoenix,TV
797,355,26,3768.6032363169043,49,Male,Phoenix,Radio
150,269,136,2376.430087482577,21,Female,Phoenix,Newspaper
617,88,55,2648.0470394042704,57,Male,Los Angeles,Radio
758,325,30,3446.7049253439413,36,Female,Phoenix,Radio
518,359,170,3352.2075318479865,55,Male,Los Angeles,Newspaper
101,149,64,1649.0389772463702,63,Female,Chicago,TV
236,293,118,2617.096016347893,54,Female,Chicago,Radio
798,103,141,3191.2616200686953,19,Male,Los Angeles,Newspaper
204,237,85,2248.182649504936,47,Male,Los Angeles,TV
748,473,41,3867.026886620409,31,Female,Houston,Radio
610,220,157,3078.181773775178,24,Male,Chicago,Newspaper
398,245,22,2589.2662624618133,24,Male,New York,Newspaper
596,66,86,2263.238700046544,49,Female,Chicago,TV
775,478,181,4316.643206555547,63,Male,Chicago,TV
699,201,165,3404.6092965502557,46,Male,Houston,Radio
215,342,127,2539.2396925221715,61,Male,Chicago,Newspaper
713,106,155,2869.352820002812,37,Male,Phoenix,Newspaper
781,396,124,4023.9966738783196,36,Male,Los Angeles,Newspaper
377,252,82,2777.362089847496,37,Male,Houston,Radio
748,237,189,3360.3928707511786,26,Male,Houston,TV
656,183,57,2785.380948566262,50,Male,Chicago,Newspaper
306,106,157,2333.8388185907083,19,Male,Phoenix,Newspaper
981,242,41,3817.5779856253384,59,Male,New York,Radio
733,65,25,2646.272067494059,54,Male,Chicago,Radio
861,233,20,3423.082497192419,59,Male,Los Angeles,Newspaper
760,349,28,3611.951613938033,57,Male,New York,TV
778,232,151,3437.628770887843,43,Male,Houston,TV
526,444,61,3486.181663238874,59,Male,Chicago,TV
340,485,169,3435.0713104762817,52,Male,Phoenix,Newspaper
708,134,70,2989.3526544758465,35,Female,Chicago,TV
647,179,54,2997.6474936168975,53,Male,Chicago,Newspaper
243,148,65,2008.5920385583038,37,Female,Chicago,Newspaper
710,373,113,3761.5960395789916,59,Female,Los Angeles,Radio
832,71,72,2915.181675384599,40,Female,Houston,TV
913,367,151,4251.576668158831,34,Female,Los Angeles,TV
373,180,112,2488.95055816858,64,Female,New York,Newspaper
678,51,104,2637.2695651720373,51,Female,Phoenix,TV
143,435,68,2533.002538294295,51,Female,New York,Radio
144,224,25,1904.248403819711,57,Male,Phoenix,TV
143,177,85,1710.866291255061,64,Male,New York,TV
330,464,63,3206.7880414946503,44,Female,Phoenix,Newspaper
129,306,33,2346.140410816864,19,Male,Los Angeles,Radio
944,306,111,3911.2387560047296,45,Female,Houston,Radio
800,365,84,3743.1520052331493,60,Female,Phoenix,TV
994,91,47,3281.142863623965,38,Male,Los Angeles,TV
302,126,124,2275.0295023004796,39,Female,Chicago,Radio
194,233,122,2255.408911205903,43,Female,New York,Newspaper
728,423,86,3938.416762913388,48,Male,Los Angeles,TV
191,217,185,2103.0410834623035,42,Male,Phoenix,Newspaper
302,414,105,3076.3103195199924,58,Male,New York,Newspaper
120,221,164,2115.1175653560463,47,Male,Phoenix,Radio
173,326,175,2565.095079699353,64,Female,Chicago,Radio
777,275,65,3424.8611670559676,56,Female,New York,Radio
476,244,196,2891.8361522490154,53,Female,New York,TV
806,229,125,3507.440791130937,55,Male,Los Angeles,Newspaper
676,144,191,3047.4076919911727,56,Female,Phoenix,Radio
356,324,103,2856.861971667946,53,Female,Los Angeles,Newspaper
159,410,161,2627.1102638637926,56,Female,Chicago,TV
539,416,92,3345.3614036004196,52,Female,Los Angeles,TV
834,244,193,3637.3109971965096,29,Male,Chicago,Newspaper
156,488,35,2887.214952393804,38,Female,Los Angeles,Radio
185,296,67,2324.172494069175,44,Male,Phoenix,TV
427,131,157,2325.9649051481683,55,Male,Houston,Newspaper
708,74,84,2863.5586124778083,18,Male,New York,TV
577,409,151,3536.1239184159576,63,Female,Phoenix,TV
529,475,58,3469.3585653741457,31,Male,Houston,Radio
390,133,32,2235.891368092827,54,Female,Houston,TV
136,261,36,2054.0167179751015,32,Male,Houston,Newspaper
436,413,163,3320.732810309532,24,Male,Phoenix,Radio
936,438,198,4503.413178872217,54,Male,Houston,TV
522,306,33,3067.9488244037498,20,Male,Phoenix,Radio
978,497,147,4746.577127298802,28,Female,Chicago,TV
415,389,140,3286.7094534505954,30,Male,Houston,TV
292,277,166,2525.2212243585795,26,Male,Phoenix,Radio
141,160,32,1746.5397463477095,53,Male,New York,TV
206,181,51,2050.409507303366,52,Female,Los Angeles,TV
698,391,112,3711.748604646758,49,Male,Chicago,Newspaper
670,89,69,2752.9928277417553,64,Female,Los Angeles,TV
469,202,126,2678.275449210085,58,Male,Chicago,Newspaper
181,67,82,1676.1515532472918,38,Female,Phoenix,Radio
775,494,166,4398.2818856155145,64,Female,Los Angeles,TV
594,174,161,2990.445331410436,60,Male,Houston,TV
650,54,168,2731.76594193603,47,Female,Houston,Radio
319,295,165,2817.7400834092964,58,Female,Phoenix,Radio
652,414,72,3649.2928002719227,19,Female,Los Angeles,Radio
472,457,29,3387.0957809219635,22,Female,New York,Radio
772,470,176,4203.470528715617,29,Male,Phoenix,Radio
532,377,127,3526.302107909684,28,Female,Chicago,Radio
115,294,132,2164.410815242895,54,Male,Houston,Newspaper
311,343,132,3040.391822240326,35,Male,New York,Newspaper
838,400,115,4262.624667173225,23,Female,Phoenix,TV
252,285,30,2525.1610151131417,58,Female,Chicago,Newspaper
204,114,32,1858.749842451229,43,Female,Houston,Newspaper
503,273,155,3050.8277105369816,31,Male,Chicago,TV
975,305,169,4285.3991268155205,32,Male,Phoenix,Newspaper
503,254,142,3014.45951312748,27,Female,New York,TV
635,375,174,3616.1233719792317,48,Male,Los Angeles,Radio
936,242,52,3651.1834128203573,54,Male,Houston,TV
319,190,136,2529.3122252788303,50,Male,Phoenix,TV
192,65,72,1540.4371758709751,41,Male,Los Angeles,Newspaper
592,348,186,3544.1300624836495,49,Female,Phoenix,TV
756,169,127,3069.61000233276,27,Male,New York,TV
507,104,52,2460.4561808418716,30,Female,Chicago,TV
497,240,192,2932.5134681303957,47,Male,New York,Radio
639,167,141,2969.030642397151,24,Male,Los Angeles,Radio
726,281,139,3439.0245390835626,29,Female,New York,Newspaper
401,182,78,2389.096081047364,61,Male,Los Angeles,Radio
668,487,172,3926.261554583969,60,Female,Los Angeles,Newspaper
220,288,117,2452.055214860235,42,Male,Phoenix,Radio
992,188,173,3952.597001753926,54,Female,Houston,Radio
670,340,62,3299.665015528603,20,Female,Houston,TV
948,286,46,3864.0031602046006,37,Male,Los Angeles,Radio
988,194,197,3896.813374033468,43,Male,Houston,Radio
262,171,172,2326.4901607192514,40,Female,Los Angeles,TV
162,396,85,2584.944691404051,27,Female,New York,Newspaper
853,331,34,3885.5012953013697,41,Female,Phoenix,Radio
914,336,114,4047.1531065622316,26,Male,Chicago,Newspaper
324,108,180,2316.7584273940483,43,Male,Phoenix,Newspaper
806,270,27,3406.588695900024,19,Male,Phoenix,Newspaper
821,55,56,2911.166223532434,55,Female,New York,Radio
950,436,100,4300.4016946859665,52,Male,Phoenix,Radio
512,466,168,3518.990437201012,23,Male,Houston,Radio
813,459,123,4352.745773011314,23,Female,Houston,TV
134,353,134,2665.450972222948,48,Female,New York,Radio
245,81,65,1708.675452322172,21,Female,Phoenix,Newspaper
331,295,154,2826.4323207806156,47,Female,Chicago,TV
918,472,128,4505.171736224657,27,Female,New York,TV
485,310,76,2980.8813106824045,47,Female,New York,Radio
598,388,107,3597.586833823419,58,Female,New York,Radio
765,357,20,3623.594852981288,29,Female,New York,Newspaper
636,427,178,3766.1000624871854,26,Female,Phoenix,Newspaper
336,178,73,2318.3007633039506,57,Male,Houston,Newspaper
871,201,104,3347.6423867286153,56,Male,Phoenix,Radio
654,286,194,3404.639961190582,20,Male,New York,TV
268,305,98,2518.362187773643,19,Female,New York,TV
818,225,190,3506.3087166210876,45,Male,Phoenix,TV
386,346,54,2822.7322759263207,47,Female,Los Angeles,TV
211,455,81,3001.5213405212553,30,Female,Phoenix,Radio
923,488,95,4426.713329075509,22,Female,New York,TV
630,290,178,3260.202839233756,52,Male,Los Angeles,Newspaper
878,429,182,4366.235130430496,45,Male,New York,Newspaper
531,271,175,3017.8989844530065,38,Male,Los Angeles,Newspaper
614,255,137,3192.075631183478,21,Male,Los Angeles,TV
124,302,22,2179.2377301893403,52,Female,New York,Radio
945,124,182,3398.8979807792934,25,Female,Los Angeles,Newspaper
568,335,55,3310.737703939881,57,Female,Phoenix,TV
124,470,171,2969.701042501133,40,Male,Phoenix,TV
364,128,72,2271.229422112044,50,Female,New York,Radio
539,488,116,3797.989438042481,51,Female,Los Angeles,Newspaper
607,432,172,3724.5579398585814,26,Female,Phoenix,Newspaper
352,263,68,2502.17008510445,53,Male,Chicago,Radio
941,133,78,3447.495750693624,39,Female,Phoenix,Radio
224,76,114,1837.4353070625912,22,Female,Phoenix,TV
388,487,81,3421.9736024953877,45,Female,Los Angeles,Newspaper
646,132,165,2760.8967041241,25,Male,Houston,Radio
103,346,164,2667.4441410669137,23,Male,Los Angeles,Radio
318,77,170,2189.8700653970936,18,Female,Los Angeles,Newspaper
423,53,139,2122.9142341298543,24,Female,Chicago,Newspaper
243,131,173,2188.489838288071,56,Male,Houston,Radio
866,273,152,3768.38061020264,41,Male,Los Angeles,Newspaper
827,405,107,3827.446356904135,31,Female,Los Angeles,Newspaper
426,155,163,2679.5636534503083,41,Male,Houston,Radio
324,215,134,2357.6541395816243,34,Female,Phoenix,Newspaper
182,70,73,1597.3636742893432,30,Female,Los Angeles,Newspaper
707,439,141,3950.4571690328535,24,Female,New York,TV
899,126,76,3351.176527757433,48,Male,Houston,Radio
760,283,48,3551.395499635022,32,Male,New York,TV
475,417,71,3388.3877032273986,42,Male,New York,Newspaper
186,162,196,2128.805602886433,20,Male,Los Angeles,TV
429,215,181,2858.861629726152,31,Male,Phoenix,Newspaper
484,208,167,2890.8827114484757,54,Female,Chicago,Newspaper
966,75,23,3011.574279818824,47,Female,New York,Radio
688,232,31,2971.340643262013,30,Male,Chicago,TV
802,131,93,3072.7693848221024,21,Male,Los Angeles,Radio
905,84,160,3265.9761568502995,43,Male,Houston,Radio
820,160,62,3149.7807917650266,24,Female,Chicago,TV
232,429,115,3150.4917218958853,41,Male,New York,Newspaper
230,422,49,2583.725233898503,37,Female,New York,TV
392,272,185,2854.084744564962,46,Female,Los Angeles,Newspaper
409,421,162,3337.436396656002,57,Female,Chicago,Radio
342,92,54,1998.8511383522296,56,Male,Phoenix,Newspaper
202,66,114,1705.3646376213333,37,Female,Houston,Newspaper
311,226,139,2603.6613049340285,31,Female,Los Angeles,Newspaper
303,398,141,3031.0474692153393,22,Male,New York,TV
772,77,52,2750.642332687123,39,Female,Chicago,TV
172,199,157,2120.624493436338,30,Female,Houston,TV
871,105,169,3317.060999324015,22,Male,Houston,TV
730,69,59,2588.896127135271,35,Male,Los Angeles,TV
607,168,27,2546.1694456788878,26,Female,Phoenix,TV
223,203,148,2415.9289266252413,27,Female,New York,TV
356,89,123,2196.596843885097,64,Female,Los Angeles,Newspaper
573,161,59,2790.9594061229222,60,Female,New York,Newspaper
505,241,49,2824.964918109226,41,Male,New York,Radio
723,389,102,3560.1130209506664,56,Female,Houston,Newspaper
983,205,89,3758.655655764999,36,Male,Phoenix,Newspaper
391,394,199,3316.9781552616782,51,Male,Phoenix,TV
427,325,187,3143.5591996041867,23,Female,New York,Newspaper
765,224,79,3279.232803223018,57,Female,Houston,Radio
755,224,34,3192.465391665954,23,Female,Houston,Radio
376,163,152,2507.3076484937524,31,Female,Phoenix,Newspaper
553,243,131,2994.152238133396,63,Male,New York,TV
319,419,30,2982.6468569760937,45,Female,Chicago,Radio
552,344,177,3380.3222033895836,62,Female,Houston,Radio
397,313,157,3104.2856316101816,39,Female,New York,Radio
885,201,183,3784.84093844033,64,Female,New York,TV
414,394,153,3278.0186400710118,20,Male,Phoenix,Radio
683,307,80,3359.4323936706037,36,Female,Chicago,Radio
463,437,164,3406.475902653919,63,Female,Los Angeles,Radio
938,209,169,3845.798003759098,18,Male,Chicago,Radio
306,164,120,2322.5029154556255,31,Female,Houston,Newspaper
252,309,159,2714.611100045059,23,Male,New York,Radio
739,419,25,3759.7319065663664,38,Female,New York,TV
743,243,155,3389.0279206978257,56,Male,New York,TV
537,380,159,3512.0357018050695,39,Male,Phoenix,Radio
394,251,167,2742.956068526924,31,Female,New York,Radio
735,490,134,4296.52524832351,58,Male,Houston,Radio
834,97,185,3232.155135082041,39,Female,New York,Radio
299,69,94,2118.2348114218894,29,Male,New York,TV
222,390,127,2667.097417739133,18,Male,Houston,TV
530,266,146,3056.5411455424864,64,Male,New York,Newspaper
253,228,177,2460.2994393851477,60,Male,New York,TV
235,372,83,2695.995628765798,45,Female,New York,Newspaper
857,157,130,3497.3631633307004,36,Male,Chicago,Radio
923,442,110,4475.257543336059,60,Male,Los Angeles,Radio
810,74,32,2907.565855468555,44,Female,Houston,Radio
846,389,88,4028.513363754468,19,Female,New York,Radio
228,123,107,2012.3211032907464,39,Female,Chicago,Newspaper
787,184,50,3206.967003352511,23,Male,Los Angeles,Newspaper
261,303,77,2669.084171355141,41,Female,Chicago,TV
938,119,72,3413.091842875987,62,Female,Phoenix,Radio
471,476,102,3574.687398729382,51,Female,Phoenix,Radio
476,210,180,2832.391252346282,51,Female,Houston,TV
908,70,194,3360.6993884378626,55,Male,New York,Radio
608,262,127,3056.5158201860036,40,Male,Los Angeles,TV
756,463,191,4213.38544972013,42,Male,Los Angeles,TV
447,179,93,2537.717104732243,63,Male,Houston,TV
851,200,92,3387.661018432483,63,Female,Houston,TV
579,408,192,3435.6311722249593,34,Male,Los Angeles,Radio
577,166,135,2895.1691577497395,27,Female,Phoenix,Newspaper
546,401,92,3619.924082960451,25,Female,Houston,Newspaper
501,481,89,3545.8135536635887,30,Male,Phoenix,Radio
119,335,116,2475.10666230992,28,Female,New York,Newspaper
435,466,173,3484.577576536142,36,Female,Phoenix,TV
999,171,127,3736.1816393294944,53,Female,Los Angeles,TV
198,219,75,2113.8361099234876,56,Female,Los Angeles,Radio
393,98,69,2132.5307117314424,36,Female,Chicago,TV
213,212,141,2274.4706225087166,20,Female,Houston,Radio
729,180,65,3303.26964386146,50,Male,Chicago,Radio
654,78,119,2681.7661520289357,40,Female,Chicago,TV
754,219,178,3594.4012193427743,49,Male,New York,Newspaper
196,239,148,2444.574302664376,27,Female,Houston,Radio
399,203,48,2220.499782281306,39,Male,Phoenix,Newspaper
939,275,171,3941.00980435079,47,Female,Chicago,TV
210,372,60,2607.825751620994,21,Female,New York,Radio
374,317,178,3064.400987822793,61,Female,Houston,TV
917,388,42,4253.3221922565435,57,Male,Los Angeles,Radio
112,369,134,2621.1977522482184,28,Male,Los Angeles,Newspaper
778,486,171,4357.316119321177,25,Female,New York,TV
434,126,172,2558.019000579508,28,Male,Los Angeles,Newspaper
418,337,48,2906.4255779875866,48,Female,Houston,TV
891,285,182,4006.5723295325597,19,Female,Chicago,Newspaper
500,68,114,2460.7505811755564,58,Male,New York,Radio
777,51,77,2988.5797713607208,44,Female,New York,Radio
954,202,70,3382.547943612126,56,Female,Phoenix,TV
477,250,192,3089.123078955254,37,Female,Los Angeles,TV
285,235,78,2337.1385202059673,54,Female,Chicago,TV
417,492,196,3575.547416139106,63,Male,New York,TV
455,422,120,3445.7289256279037,37,Male,Los Angeles,Newspaper
306,185,182,2343.9967876442174,57,Female,New York,Radio
895,196,156,3679.2869614097917,24,Female,Phoenix,TV
992,300,191,4019.650883839695,49,Male,New York,Radio
170,69,80,1511.104155723345,54,Female,Chicago,Radio
728,159,141,3030.341375820728,58,Male,Los Angeles,TV
582,348,41,3043.1335830703456,52,Male,Los Angeles,Newspaper
952,157,66,3210.879464228827,38,Female,Los Angeles,Newspaper
363,220,140,2703.1677744784606,61,Male,Chicago,Newspaper
533,181,99,2949.021160400862,33,Female,Chicago,Newspaper
805,483,178,4426.432223079077,64,Male,Houston,Newspaper
770,466,37,3907.2845857561806,35,Female,Houston,Radio
661,244,183,3056.3480370915104,47,Male,Phoenix,Radio
330,434,160,3176.10280136094,23,Male,Los Angeles,Newspaper
922,263,72,3824.1811048280288,29,Male,Phoenix,TV
167,194,185,2227.695396000962,31,Male,Houston,Radio
549,268,169,3256.4980495452373,36,Female,Phoenix,TV
486,145,38,2629.102678794061,46,Female,New York,TV
296,205,145,2411.1631441478085,59,Female,Chicago,TV
908,331,44,3953.767911403204,48,Female,New York,TV
939,368,38,4101.932230452845,45,Male,Phoenix,TV
119,145,43,1664.3602287955873,47,Male,Houston,TV
607,471,163,3903.0958823868373,57,Male,New York,TV
115,276,47,2209.9350462650377,20,Female,Houston,TV
521,184,115,2888.018778370785,46,Female,Chicago,TV
411,95,137,2400.7978185854577,39,Female,New York,Newspaper
228,263,94,2498.393367313256,53,Male,Chicago,Newspaper
658,288,141,3360.4047932507997,52,Male,Phoenix,TV
371,119,59,2017.2006579920915,39,Female,Los Angeles,TV
663,345,30,3332.798042592943,41,Female,Chicago,Radio
988,173,30,3454.1610013801355,44,Female,Chicago,Radio
131,249,85,2055.02049413952,33,Female,Phoenix,TV
116,265,185,2384.249955240899,60,Male,Phoenix,Newspaper
349,50,164,2104.3855943607305,47,Female,Los Angeles,TV
141,403,134,2821.8965028061866,38,Male,Phoenix,TV
783,254,78,3612.8695739221225,50,Female,Phoenix,TV
877,366,64,3810.1034784474978,27,Female,Houston,Newspaper
804,366,30,3578.436619712602,46,Female,Phoenix,Newspaper
780,198,137,3400.2259487279603,48,Male,Chicago,TV
938,483,151,4519.510863217641,20,Female,Los Angeles,TV
712,89,153,2872.882153280434,34,Male,Los Angeles,TV
875,155,149,3287.2310957634945,53,Male,New York,TV
150,436,191,2870.9173640344943,20,Male,Houston,TV
752,470,136,4194.57088622071,61,Female,Los Angeles,TV
263,98,94,1938.1693168051152,18,Female,Phoenix,TV
400,417,49,2918.8193475091684,44,Female,Phoenix,Radio
384,82,20,1989.1901606673098,32,Female,Los Angeles,Radio
397,349,91,3021.302653901413,36,Female,Chicago,Radio
486,494,23,3391.842577827723,62,Female,New York,Newspaper
414,305,156,2779.6842087417153,21,Male,Phoenix,Radio
169,424,25,2499.4292901918748,19,Female,Phoenix,Newspaper
720,270,149,3627.676926554477,38,Male,Chicago,Radio
756,499,107,4159.481443513108,30,Male,Los Angeles,TV
217,125,81,1856.7386480226185,43,Female,New York,Newspaper
723,385,181,3766.977311888731,58,Male,Houston,TV
997,223,135,3787.438874671172,55,Female,Phoenix,Radio
633,280,100,3238.5239985744693,28,Female,New York,Newspaper
486,448,82,3489.1863158088486,54,Male,Phoenix,Newspaper
332,198,105,2584.7545520472618,35,Female,Houston,TV
735,236,24,3154.220473463663,40,Male,Chicago,TV
269,318,71,2609.7037971483264,54,Female,Houston,Radio
618,310,67,3253.002027139591,39,Female,New York,Newspaper
198,304,133,2304.3516826822315,28,Male,Phoenix,TV
256,239,101,2379.3515134533573,52,Male,Houston,Radio
433,121,74,2303.486202006029,52,Female,New York,Radio
369,66,190,2074.06568869471,63,Female,Phoenix,TV
780,468,198,4169.987895736167,30,Female,Chicago,Newspaper
655,493,55,3870.800471939697,27,Female,Chicago,Newspaper
133,135,55,1804.3477582658059,56,Female,Houston,Radio
264,156,36,2089.806801880869,29,Female,Los Angeles,TV
693,77,181,2928.10973419579,61,Female,Los Angeles,TV
422,392,120,3075.647840919194,61,Female,New York,Radio
881,412,21,3885.079139108323,23,Male,Houston,Radio
511,376,73,3206.4952043300227,19,Male,New York,TV
623,157,76,3057.7979973313013,45,Female,Chicago,Newspaper
292,163,45,2077.6443237707754,32,Male,Los Angeles,Newspaper
501,378,149,3380.673481472734,44,Male,Houston,Newspaper
317,55,30,1775.931783421592,58,Male,Phoenix,Newspaper
832,443,94,3943.846916412874,37,Male,Chicago,Radio
837,234,59,3312.6753494954846,46,Male,Los Angeles,Radio
542,231,161,2955.9456857423443,21,Male,Houston,Newspaper
300,113,138,2040.4660502074962,32,Female,Phoenix,TV
740,161,178,3401.0689429876184,49,Male,Los Angeles,TV
536,270,61,3141.0866028971463,61,Male,Chicago,Newspaper
928,222,182,3728.0866155592953,58,Female,Phoenix,TV
171,136,168,2065.737871465998,46,Male,New York,Newspaper
614,119,178,2953.6798211129226,51,Female,Houston,Radio
502,374,162,3316.7073829861433,47,Male,Los Angeles,Radio
232,238,131,2362.576037421394,54,Female,Los Angeles,Newspaper
469,345,171,3204.68134523463,40,Male,Houston,Newspaper
458,54,114,2243.519378832377,32,Female,Los Angeles,Radio
576,334,186,3547.810337550338,37,Female,Phoenix,Radio
748,138,123,3005.1240585888277,35,Male,Chicago,Radio
272,264,191,2775.6313282420406,23,Male,New York,TV
907,70,26,2817.5298824502374,51,Male,Chicago,Radio
421,457,199,3533.6780789739355,57,Male,Chicago,Radio
325,482,135,3323.319677759317,63,Male,Los Angeles,Radio
218,62,109,1865.7923622936128,42,Female,Los Angeles,TV
609,278,31,3210.8791819196995,29,Male,Chicago,TV
133,125,160,1747.9729198395623,45,Female,Chicago,TV
510,331,77,3153.219591435634,31,Female,Phoenix,TV
281,121,142,2135.723524058302,31,Male,New York,Newspaper
914,297,192,3966.5150437058364,37,Male,Phoenix,TV
454,340,45,2997.109248102509,62,Female,New York,TV
386,405,55,3034.644445191998,39,Male,Los Angeles,TV
786,199,123,3399.4754845625534,64,Female,Phoenix,TV
951,425,116,4360.878361150881,60,Female,Houston,Radio
511,159,66,2473.2270939329906,50,Male,Los Angeles,Newspaper
454,208,44,2513.488579111988,57,Male,Houston,Newspaper
755,436,59,3862.840080824656,42,Male,Phoenix,TV
498,354,83,3274.469294750773,29,Male,Houston,Radio
758,257,129,3451.180121694054,57,Female,Houston,TV
250,466,62,3080.938633836367,53,Female,Los Angeles,Newspaper
142,212,75,1992.053626303287,34,Male,Chicago,Newspaper
702,354,81,3660.823803681469,29,Male,Phoenix,Newspaper
593,489,120,3832.6171309856436,64,Male,New York,TV
632,392,122,3597.1017861938085,25,Male,Chicago,Radio
222,156,151,2026.1272987169516,55,Female,Los Angeles,TV
660,368,130,3807.316726563826,55,Female,Houston,Radio
235,319,195,2630.29133942943,28,Male,Chicago,Newspaper
491,440,97,3436.9055596640883,57,Female,Phoenix,TV
883,156,109,3294.7224011037024,49,Female,Los Angeles,Newspaper
784,181,32,3274.6364032901156,57,Male,Phoenix,Radio
935,454,144,4447.754922695059,39,Male,Los Angeles,TV
106,231,99,2221.3820099768514,24,Female,New York,TV
532,274,54,2806.623909198835,38,Male,New York,TV
830,332,66,3795.784697390781,57,Male,Houston,TV
583,448,178,3909.430560260588,46,Female,Los Angeles,Radio
205,221,99,2164.496353425912,46,Male,Los Angeles,Radio
169,482,42,2925.4964393384125,50,Female,Phoenix,TV
544,382,95,3495.179109577112,57,Female,Chicago,TV
419,472,182,3542.8857151900424,47,Male,Chicago,Radio
609,371,184,3618.9714502012475,29,Male,Chicago,TV
661,232,118,3065.5391739377883,39,Male,New York,Newspaper
104,299,174,2302.638837005231,51,Female,New York,Newspaper
902,116,75,3211.314682151664,31,Female,Chicago,TV
948,237,194,3846.6966554440714,21,Male,Houston,TV
646,176,53,3047.50568616062,51,Female,Chicago,TV
591,284,54,3196.779500008487,52,Female,Houston,Radio
891,473,27,4060.2259816501273,42,Male,Los Angeles,TV
606,106,185,2789.9780624486452,23,Male,Los Angeles,Newspaper
627,293,120,3457.0983057801086,25,Male,Chicago,Newspaper
401,306,172,2872.3814496094815,45,Male,New York,Radio
183,499,102,3160.0290482572664,63,Male,Phoenix,Radio
838,254,186,3770.9045260398766,53,Male,New York,Radio
622,100,101,2664.7105699669346,29,Female,Los Angeles,Radio
349,197,173,2659.6903850054096,19,Male,New York,Radio
211,160,138,2146.0538702796543,22,Male,Chicago,TV
125,412,134,2782.5063132515425,47,Female,Chicago,TV
604,98,156,2939.46443992517,51,Male,Chicago,Newspaper
827,496,109,4193.799832184405,18,Male,Houston,TV
845,107,161,3227.0679783616793,48,Female,Phoenix,Newspaper
254,435,58,3015.215105229393,29,Female,Houston,Newspaper
854,272,110,3650.531962928095,60,Female,New York,Radio
365,348,166,2852.104441525931,23,Female,Los Angeles,Newspaper
305,105,170,2114.9052150883526,63,Male,Los Angeles,TV
714,323,176,3645.9482121706897,20,Female,Phoenix,Newspaper
852,239,188,3661.0105538505304,64,Male,Los Angeles,TV
636,192,123,3135.42422753175,53,Male,Houston,Newspaper
498,492,66,3645.612969921486,57,Male,New York,Radio
854,415,55,4035.1136363483374,61,Female,Phoenix,TV
290,303,87,2557.9243443997584,55,Female,New York,TV
747,149,106,3047.864789700437,47,Male,New York,TV
168,254,64,2173.8284346979094,40,Female,New York,Radio
823,109,54,2914.9485514565645,58,Female,Chicago,TV
231,388,118,2775.5296099895295,49,Female,Phoenix,Newspaper
656,262,44,3114.3837219247043,18,Male,New York,TV
693,476,88,3719.771202323519,47,Female,Los Angeles,TV
583,413,37,3275.6358944517365,62,Male,Chicago,Newspaper
301,274,29,2419.805942695446,42,Male,New York,Newspaper
492,471,21,3448.6321423069408,47,Female,Houston,Newspaper
576,182,159,2961.7736053464705,54,Female,Los Angeles,TV
305,312,43,2559.0299283571458,41,Female,Houston,Newspaper
224,342,94,2510.1783325685574,43,Female,Los Angeles,Newspaper
590,151,171,2958.4806191826187,50,Female,Chicago,TV
668,119,97,2889.7160534518,50,Female,Chicago,TV
146,189,147,2174.9451260327382,57,Female,Houston,Newspaper
856,342,34,3804.6988269333206,58,Male,Phoenix,Radio
439,238,105,2836.937769624804,26,Female,Houston,Newspaper
102,244,181,2271.8810525591684,46,Female,Los Angeles,TV
807,187,121,3418.3082970180412,26,Male,Los Angeles,Newspaper
110,111,33,1534.3377711701,28,Male,Phoenix,Newspaper
764,277,175,3705.6643203233198,41,Female,Houston,Radio
362,286,84,2709.517326339043,19,Female,Los Angeles,Newspaper
416,459,198,3290.7378854497156,29,Female,Phoenix,Radio
658,348,158,3542.852626006248,19,Female,Chicago,Newspaper
954,363,106,4148.418595201592,60,Male,Houston,Newspaper
344,303,190,2977.9027182184277,41,Male,Chicago,Newspaper
683,451,36,3857.059546586687,43,Male,Los Angeles,Newspaper
939,179,153,3703.5637663177868,38,Female,New York,Radio
507,245,71,2759.4391202112706,18,Female,Los Angeles,Newspaper
251,415,43,2971.171688677737,31,Female,Houston,Radio
541,220,97,2937.487066273918,59,Male,Los Angeles,Radio
230,452,76,3019.2731759333024,36,Female,Chicago,TV
350,71,66,2101.1523756815923,38,Male,Chicago,TV
690,492,85,3880.381513211592,19,Female,New York,Radio
734,178,102,3263.61308321717,22,Male,Chicago,TV
367,254,155,2627.2535612459455,48,Female,New York,TV
368,277,37,2798.3725640833436,20,Female,Chicago,Newspaper
990,106,76,3445.600220974966,49,Female,Houston,Newspaper
188,350,174,2611.6042231814895,35,Female,New York,Newspaper
823,212,54,3465.82752084175,51,Female,Houston,Newspaper
754,496,86,4068.389971697832,35,Male,Los Angeles,TV
226,406,114,2823.443373431241,30,Female,Chicago,Newspaper
905,155,196,3505.2052680997285,50,Female,Houston,TV
871,223,125,3592.562513005292,53,Male,New York,TV
309,368,160,3064.1533745921733,30,Male,Phoenix,Newspaper
365,60,153,2173.560667474344,33,Female,Los Angeles,TV
165,345,62,2371.7290644087548,20,Female,New York,Radio
355,440,65,3005.5436405492947,27,Male,New York,TV
725,157,161,3042.436592705935,54,Male,Houston,Radio
958,275,113,3834.7160025372737,24,Male,Houston,Newspaper
471,220,62,2677.9100285377085,45,Male,New York,Newspaper
764,384,30,3574.8878598032716,45,Female,Houston,Radio
710,348,175,3744.4436641227558,29,Female,Los Angeles,Newspaper
488,184,62,2630.047261360266,34,Male,Los Angeles,TV
841,72,51,3059.1257563846602,55,Male,Phoenix,TV
515,174,123,2699.0063588334137,45,Female,New York,TV
543,485,188,3787.1880899331036,47,Female,New York,Newspaper
474,145,74,2408.2147697071887,36,Male,Los Angeles,Newspaper
390,270,186,2956.3441683811843,29,Female,Los Angeles,TV
513,402,192,3591.938864884772,33,Female,Houston,TV
948,301,181,4181.861461708976,31,Male,Phoenix,TV
313,231,147,2538.0588070655317,63,Female,New York,TV
176,285,115,2373.0379329140283,34,Male,Houston,TV
851,269,172,3923.261562722459,37,Female,Houston,Radio
132,444,93,2670.576180297692,44,Female,Houston,Radio
262,462,87,2979.737353143476,37,Male,Phoenix,Newspaper
547,82,33,2376.8200278370796,19,Female,Phoenix,Newspaper
723,51,34,2675.9510812495273,28,Female,Chicago,TV
624,353,143,3627.915562272905,46,Female,Chicago,TV
313,77,95,2082.68241668479,45,Male,Los Angeles,Newspaper
625,414,36,3566.1004190144768,18,Female,Phoenix,Radio
390,52,73,2100.6300152770514,64,Male,Los Angeles,TV
786,409,124,3881.1946121762894,38,Female,Chicago,Radio
660,371,41,3399.3924698576216,30,Male,Chicago,TV
431,373,153,3215.3175903384117,41,Male,Los Angeles,Radio
447,365,122,3102.566520768118,34,Female,Los Angeles,TV
717,179,166,3079.8009680807204,55,Female,New York,Radio
297,253,138,2540.706370537019,24,Female,Los Angeles,Newspaper
987,438,31,4384.467085657429,26,Female,Chicago,TV
799,236,181,3513.9069276659397,29,Male,Chicago,TV
589,380,86,3491.066856027039,40,Female,New York,Newspaper
855,52,198,2984.0679411852325,61,Female,Houston,Newspaper
748,410,186,4073.3533583746466,53,Female,Los Angeles,Radio
972,348,113,4119.067637053503,35,Male,Houston,Radio
794,195,157,3425.111946724431,52,Male,Los Angeles,Newspaper
175,317,89,2427.285814634445,24,Male,Chicago,Radio
602,240,105,3095.3871224401278,36,Female,Chicago,TV
939,126,81,3322.5998331782835,63,Female,Houston,TV
335,217,144,2651.7217967720894,26,Female,Chicago,Radio
265,491,144,3318.3977441856846,28,Female,Houston,TV
806,137,182,3311.972507456487,63,Female,Houston,Radio
388,268,174,2858.6165759513683,53,Male,Chicago,TV
172,222,187,2213.159939392831,56,Female,Chicago,TV
270,260,95,2479.301215560095,46,Female,New York,Radio
103,392,198,2472.8724266674462,47,Female,New York,Radio
949,165,46,3416.7103074706793,55,Female,Chicago,TV
808,383,44,3864.9643755528386,18,Female,Los Angeles,TV
163,134,181,1933.708468042469,36,Male,Los Angeles,Radio
235,353,51,2691.903859864199,20,Male,Houston,Radio
913,196,66,3466.1385727782263,39,Male,New York,TV
764,186,156,3359.744972965942,24,Male,Houston,TV
591,269,90,3138.6675469362795,50,Male,Los Angeles,TV
258,63,132,2012.8798125826613,63,Male,Houston,TV
279,141,93,2224.738045385706,47,Female,Phoenix,Newspaper
140,159,24,1908.967408543119,22,Male,New York,TV
823,260,69,3590.713488466269,59,Female,Phoenix,TV
645,104,140,2691.2749804530245,36,Female,Houston,Radio
231,367,65,2640.4418238962785,55,Male,Phoenix,Radio
936,202,195,3898.811921626341,58,Male,Chicago,Newspaper
218,303,104,2695.3323227717156,19,Female,New York,Radio
924,50,95,3019.106639050927,36,Male,Phoenix,TV
367,112,22,2167.1672899026184,64,Female,Chicago,TV
929,170,193,3490.0216923816115,37,Male,Los Angeles,TV
431,384,118,3201.99603209868,49,Female,New York,Radio
698,159,142,3134.689655661766,64,Male,Los Angeles,TV
548,356,74,3344.996175637139,44,Female,Houston,TV
316,170,67,2115.783070349105,38,Female,Houston,TV
969,159,63,3444.7373297583226,21,Female,Phoenix,Newspaper
970,288,31,3891.8044856063498,22,Female,Phoenix,Newspaper
649,401,91,3679.180816396422,41,Female,Los Angeles,TV
877,190,68,3455.6776900084333,50,Female,Chicago,TV
424,211,21,2544.9755152893854,40,Female,Los Angeles,Newspaper
485,440,176,3381.3930172349856,61,Male,Phoenix,Radio
678,240,146,3248.5387861289983,25,Male,Houston,Radio
276,134,30,2031.055467285479,61,Male,New York,TV
339,371,98,2974.3667097219277,33,Male,Chicago,TV
114,332,61,2431.611366618274,57,Female,Los Angeles,TV
309,433,149,3113.837372239273,64,Male,Chicago,Radio
195,244,161,2377.8970738928424,63,Male,Los Angeles,Radio
422,440,77,3246.6013072327623,46,Male,Chicago,Radio
994,293,67,3843.5675178395977,57,Male,Chicago,Radio
226,287,125,2326.3873187105055,33,Male,New York,TV
706,202,186,3200.7619220756424,37,Male,Houston,Newspaper
146,111,36,1590.9729109344219,38,Female,Phoenix,Newspaper
725,79,100,2731.389011924872,42,Female,Phoenix,Newspaper
809,288,134,3789.4178261454144,23,Female,Houston,Radio
848,216,56,3466.0585110401735,19,Male,Houston,Newspaper
643,250,118,3206.2459697196928,22,Male,New York,Radio
521,305,128,3074.6110971988846,21,Female,Chicago,TV
638,434,172,3746.0149430087413,25,Male,New York,Radio
752,174,116,3474.109414667455,35,Male,Los Angeles,TV
481,339,149,3265.730002625217,52,Male,Chicago,Newspaper
947,406,59,4348.296931864624,57,Male,Chicago,Newspaper
905,448,167,4382.906224605683,42,Male,Chicago,Newspaper
150,232,23,2076.393461091467,35,Female,New York,Radio
269,201,141,2328.1025168764477,60,Female,Phoenix,Radio
824,276,150,3664.8520083061303,19,Female,Phoenix,TV
439,220,65,2848.2136098369897,59,Male,Chicago,TV
919,72,111,3261.0404876995954,29,Female,Chicago,TV
450,100,88,2315.99900278295,21,Male,New York,Newspaper
275,217,53,2311.913642414828,42,Male,New York,TV
174,399,38,2621.045483356628,36,Male,Chicago,Newspaper
824,406,72,4046.211574696417,26,Male,Chicago,Radio
918,484,85,4382.520743443986,56,Male,Houston,Newspaper
738,241,138,3231.1542484071224,59,Female,New York,Newspaper
253,468,163,3210.270752691996,48,Male,Phoenix,Newspaper
542,362,165,3457.096080986544,44,Female,Houston,Radio
529,144,84,2624.9774729528294,55,Female,Los Angeles,Radio
972,309,81,4017.5945512694925,19,Male,Phoenix,TV
833,448,67,4214.587549931091,25,Female,Houston,Radio
209,246,133,2207.51664978814,42,Female,Phoenix,Newspaper
817,215,26,3367.266165880882,44,Female,Chicago,Newspaper
488,321,114,3243.7835613730394,56,Male,Phoenix,TV
355,383,186,2687.4521306828397,41,Female,Phoenix,Radio
582,173,108,2677.467774833394,50,Female,New York,Radio
835,78,186,3222.946042227935,22,Female,New York,Radio
338,65,96,2058.8863441090093,52,Male,Chicago,Newspaper
901,319,84,3942.384918389185,19,Male,Los Angeles,Radio
973,146,79,3714.0295538430214,18,Female,Los Angeles,Radio
951,111,130,3419.689943571902,58,Female,Los Angeles,TV
581,174,106,2800.3764334052203,44,Male,New York,Newspaper
810,433,38,3982.819190571387,54,Male,Phoenix,Radio
643,396,42,3477.772028093509,48,Male,Chicago,Radio
209,55,128,1966.5005179089571,44,Male,Los Angeles,Radio
559,427,29,3520.2647418756674,37,Male,Houston,Radio
422,276,59,3012.824377048939,28,Female,Houston,Radio
208,166,149,2036.3493835798847,46,Female,New York,Radio
629,353,33,3212.037215921616,24,Male,Chicago,Radio
343,123,41,2140.194103522971,24,Male,Chicago,Newspaper
467,130,92,2435.3531966357687,48,Male,New York,TV
359,400,65,2923.958354616909,28,Female,Los Angeles,TV
659,162,60,2725.43724445356,21,Male,Phoenix,TV
782,312,85,3583.12906009568,46,Male,Phoenix,TV
255,57,92,1823.4775902634149,51,Male,Houston,TV
976,273,29,3783.0502440181676,59,Female,Houston,TV
721,67,115,2835.5296601701752,51,Female,Phoenix,Radio
232,259,21,2369.3102659383803,30,Male,Phoenix,Newspaper
